,logper1,secosw1,sesinw1,logk1,tc1,gamma_j,jit_j,gamma_k,jit_k,gamma_a,jit_a,gamma_m,jit_m,lnprobability
0.159,8.638201374755267,0.7015436447897789,-0.38452132851041293,3.334414406327564,18710.095536701807,-51.946503005932016,3.0591541019294786,-576399123.7119782,1.4861605969346243,-46.797693550405825,2.8424456231978623,-16.594104776754538,4.198572590612684,-582.2322262620477
0.5,9.559074699373149,0.8079540678787874,-0.3372817538810854,3.4911542016622845,18842.4321535228,-40.46485487547554,3.496562240697922,709.2385016262979,4.946956493375618,-35.56267788321681,3.3974834039150945,-5.259253714705994,5.133525319877271,-579.2308256484085
0.841,10.239411824804842,0.8613030447867549,-0.28875254132469585,3.665503163689581,18996.067268034258,-29.036276430069393,4.03582026281122,1452915156.2016468,8.5156701950385,-24.2602929271227,4.019083642524567,6.1906433597345485,6.145608072355443,-576.9732335334805
