,logper1,secosw1,sesinw1,logk1,tc1,gamma_j,jit_j,gamma_k,jit_k,gamma_a,jit_a,gamma_m,jit_m,lnprobability
0.159,9.867336717806493,0.8374347147807001,-0.35004300011423506,3.6283785052700814,18923.147934860583,-54.27641056890657,2.946260621749035,-53.85743413295518,2.7536607389190344,-49.41805482080294,3.2604248779481306,-20.900460014855085,5.219921050857254,-1114.8813940342795
0.5,10.188333429241379,0.8571561003069844,-0.31882791922367637,3.642620038293694,18966.786032184737,-52.30752956606568,3.321551327206574,-52.48199152982075,3.349700033675342,-47.351680632197,3.7179365143307685,-19.00089933693608,5.769180944410634,-1112.0097514331615
0.841,10.561572169211997,0.8772640834243567,-0.28700755578925796,3.6576593742708328,19014.747960794914,-50.49430005921916,3.753861969933355,-51.24534650009916,4.134305661393778,-45.46861793472734,4.211922785604389,-17.264386950336014,6.348822224301813,-1109.8411964966333
