,per1,secosw1,sesinw1,logk1,tc1,gamma_j,jit_j,gamma_k,jit_k,gamma_a,jit_a,gamma_m,jit_m,lnprobability
0.159,22841.788980507386,0.8462980057908626,-0.35520561760024677,3.629982399565394,18934.588804880972,-54.50290920504319,2.954374769601005,-54.03467982596825,2.7555763044462562,-49.63720358028949,3.2446735538745823,-21.103301697184268,5.2173542423179775,-1113.505068816767
0.5,30218.145047738923,0.862872707366602,-0.3246517017331413,3.6444202721618737,18976.044747656524,-52.856050978107774,3.3339450375272923,-52.824223612165824,3.3361898757491697,-47.90188188037836,3.694507882446436,-19.511740504635238,5.778604323175918,-1110.6392067984777
0.841,40446.387764485524,0.8786853977321761,-0.29356133253893896,3.6591040012013427,19023.60573549278,-51.22796838981495,3.775358507846418,-51.64012147973518,4.098397283547571,-46.2150208140893,4.186249050872828,-17.982879377537216,6.3566957357376035,-1108.4501127905664
