,logper1,secosw1,sesinw1,logk1,tc1,gamma_j,jit_j,gamma_k,jit_k,gamma_a,jit_a,gamma_m,jit_m,lnprobability
0.159,9.943322281112932,0.8421774918007471,-0.35368420203092543,3.6298041774751275,18929.566410713425,-54.68154618104992,2.957561309206538,-54.15529691583215,2.755745032344028,-49.78482463497751,3.2478061300535805,-21.270114461799672,5.226945054948407,-1113.598311856344
0.5,10.291652080666255,0.8620213402493186,-0.3230047390284805,3.6442169042388333,18973.86374117296,-52.76289914454482,3.331453845227863,-52.742782771884066,3.3532242212886154,-47.81845613958777,3.706199373832819,-19.441035239910573,5.778976500293425,-1110.7012368982487
0.841,10.688346344877395,0.881115020908139,-0.2911160482580736,3.6590098173829473,19023.184218500755,-50.89074380921046,3.7646486829197725,-51.46071571707502,4.128500956472271,-45.897493714853255,4.200815511229972,-17.63376695608519,6.350478124184976,-1108.5069548067768
